#time,psi,psi',y,y',u
0,1.00E-01,0.00E+00,0.00E+00,0.00E+00,2.78E+00
0.01,1.00E-01,-4.66E-03,8.12E-05,1.62E-02,2.77E+00
0.02,9.99E-02,-9.21E-03,3.24E-04,3.23E-02,2.75E+00
0.03,9.98E-02,-1.37E-02,7.26E-04,4.82E-02,2.73E+00
0.04,9.96E-02,-1.80E-02,1.29E-03,6.40E-02,2.71E+00
0.05,9.94E-02,-2.23E-02,2.01E-03,7.96E-02,2.69E+00
0.06,9.92E-02,-2.64E-02,2.88E-03,9.51E-02,2.67E+00
0.07,9.89E-02,-3.05E-02,3.91E-03,1.10E-01,2.65E+00
0.08,9.86E-02,-3.44E-02,5.09E-03,1.26E-01,2.62E+00
0.09,9.82E-02,-3.83E-02,6.42E-03,1.41E-01,2.60E+00
0.1,9.78E-02,-4.21E-02,7.90E-03,1.55E-01,2.58E+00
0.11,9.74E-02,-4.58E-02,9.52E-03,1.70E-01,2.55E+00
0.12,9.69E-02,-4.94E-02,1.13E-02,1.85E-01,2.53E+00
0.13,9.64E-02,-5.29E-02,1.32E-02,1.99E-01,2.50E+00
0.14,9.58E-02,-5.63E-02,1.53E-02,2.13E-01,2.48E+00
0.15,9.53E-02,-5.96E-02,1.75E-02,2.27E-01,2.45E+00
0.16,9.47E-02,-6.28E-02,1.98E-02,2.41E-01,2.42E+00
0.17,9.40E-02,-6.60E-02,2.23E-02,2.54E-01,2.40E+00
0.18,9.33E-02,-6.90E-02,2.49E-02,2.68E-01,2.37E+00
0.19,9.26E-02,-7.20E-02,2.76E-02,2.81E-01,2.34E+00
0.2,9.19E-02,-7.49E-02,3.05E-02,2.94E-01,2.31E+00
0.21,9.11E-02,-7.77E-02,3.35E-02,3.07E-01,2.28E+00
0.22,9.03E-02,-8.05E-02,3.67E-02,3.20E-01,2.26E+00
0.23,8.95E-02,-8.31E-02,3.99E-02,3.32E-01,2.23E+00
0.24,8.87E-02,-8.57E-02,4.33E-02,3.45E-01,2.20E+00
0.25,8.78E-02,-8.82E-02,4.68E-02,3.57E-01,2.17E+00
0.26,8.69E-02,-9.06E-02,5.05E-02,3.69E-01,2.14E+00
0.27,8.60E-02,-9.30E-02,5.42E-02,3.81E-01,2.10E+00
0.28,8.51E-02,-9.52E-02,5.81E-02,3.92E-01,2.07E+00
0.29,8.41E-02,-9.74E-02,6.20E-02,4.04E-01,2.04E+00
0.3,8.31E-02,-9.95E-02,6.61E-02,4.15E-01,2.01E+00
0.31,8.21E-02,-1.02E-01,7.03E-02,4.26E-01,1.98E+00
0.32,8.11E-02,-1.04E-01,7.47E-02,4.37E-01,1.95E+00
0.33,8.00E-02,-1.05E-01,7.91E-02,4.47E-01,1.91E+00
0.34,7.90E-02,-1.07E-01,8.36E-02,4.58E-01,1.88E+00
0.35,7.79E-02,-1.09E-01,8.82E-02,4.68E-01,1.85E+00
0.36,7.68E-02,-1.11E-01,9.30E-02,4.78E-01,1.81E+00
0.37,7.57E-02,-1.12E-01,9.78E-02,4.88E-01,1.78E+00
0.38,7.45E-02,-1.14E-01,1.03E-01,4.97E-01,1.75E+00
0.39,7.34E-02,-1.16E-01,1.08E-01,5.07E-01,1.71E+00
0.4,7.22E-02,-1.17E-01,1.13E-01,5.16E-01,1.68E+00
0.41,7.10E-02,-1.18E-01,1.18E-01,5.25E-01,1.65E+00
0.42,6.99E-02,-1.20E-01,1.23E-01,5.34E-01,1.61E+00
0.43,6.87E-02,-1.21E-01,1.29E-01,5.42E-01,1.58E+00
0.44,6.74E-02,-1.22E-01,1.34E-01,5.51E-01,1.54E+00
0.45,6.62E-02,-1.23E-01,1.40E-01,5.59E-01,1.51E+00
0.46,6.50E-02,-1.24E-01,1.45E-01,5.67E-01,1.48E+00
0.47,6.37E-02,-1.25E-01,1.51E-01,5.75E-01,1.44E+00
0.48,6.25E-02,-1.26E-01,1.57E-01,5.82E-01,1.41E+00
0.49,6.12E-02,-1.27E-01,1.63E-01,5.90E-01,1.37E+00
0.5,5.99E-02,-1.28E-01,1.69E-01,5.97E-01,1.34E+00
0.51,5.86E-02,-1.29E-01,1.75E-01,6.04E-01,1.30E+00
0.52,5.73E-02,-1.30E-01,1.81E-01,6.11E-01,1.27E+00
0.53,5.60E-02,-1.30E-01,1.87E-01,6.17E-01,1.23E+00
0.54,5.47E-02,-1.31E-01,1.93E-01,6.24E-01,1.20E+00
0.55,5.34E-02,-1.32E-01,1.99E-01,6.30E-01,1.16E+00
0.56,5.21E-02,-1.32E-01,2.06E-01,6.36E-01,1.13E+00
0.57,5.08E-02,-1.33E-01,2.12E-01,6.42E-01,1.10E+00
0.58,4.94E-02,-1.33E-01,2.19E-01,6.47E-01,1.06E+00
0.59,4.81E-02,-1.34E-01,2.25E-01,6.53E-01,1.03E+00
0.6,4.68E-02,-1.34E-01,2.32E-01,6.58E-01,9.92E-01
0.61,4.54E-02,-1.34E-01,2.38E-01,6.63E-01,9.58E-01
0.62,4.41E-02,-1.35E-01,2.45E-01,6.68E-01,9.24E-01
0.63,4.27E-02,-1.35E-01,2.52E-01,6.73E-01,8.89E-01
0.64,4.14E-02,-1.35E-01,2.58E-01,6.77E-01,8.55E-01
0.65,4.00E-02,-1.35E-01,2.65E-01,6.81E-01,8.21E-01
0.66,3.87E-02,-1.35E-01,2.72E-01,6.85E-01,7.87E-01
0.67,3.73E-02,-1.35E-01,2.79E-01,6.89E-01,7.53E-01
0.68,3.60E-02,-1.35E-01,2.86E-01,6.93E-01,7.20E-01
0.69,3.46E-02,-1.35E-01,2.93E-01,6.97E-01,6.86E-01
0.7,3.33E-02,-1.35E-01,3.00E-01,7.00E-01,6.53E-01
0.71,3.19E-02,-1.35E-01,3.07E-01,7.03E-01,6.19E-01
0.72,3.06E-02,-1.35E-01,3.14E-01,7.06E-01,5.86E-01
0.73,2.92E-02,-1.35E-01,3.21E-01,7.09E-01,5.53E-01
0.74,2.79E-02,-1.35E-01,3.28E-01,7.11E-01,5.20E-01
0.75,2.65E-02,-1.34E-01,3.35E-01,7.14E-01,4.88E-01
0.76,2.52E-02,-1.34E-01,3.42E-01,7.16E-01,4.55E-01
0.77,2.38E-02,-1.34E-01,3.49E-01,7.18E-01,4.23E-01
0.78,2.25E-02,-1.34E-01,3.56E-01,7.20E-01,3.90E-01
0.79,2.12E-02,-1.33E-01,3.64E-01,7.21E-01,3.58E-01
0.8,1.98E-02,-1.33E-01,3.71E-01,7.23E-01,3.27E-01
0.81,1.85E-02,-1.32E-01,3.78E-01,7.24E-01,2.95E-01
0.82,1.72E-02,-1.32E-01,3.85E-01,7.25E-01,2.64E-01
0.83,1.59E-02,-1.31E-01,3.93E-01,7.26E-01,2.32E-01
0.84,1.46E-02,-1.31E-01,4.00E-01,7.27E-01,2.01E-01
0.85,1.33E-02,-1.30E-01,4.07E-01,7.28E-01,1.70E-01
0.86,1.20E-02,-1.30E-01,4.14E-01,7.28E-01,1.40E-01
0.87,1.07E-02,-1.29E-01,4.22E-01,7.29E-01,1.09E-01
0.88,9.38E-03,-1.28E-01,4.29E-01,7.29E-01,7.93E-02
0.89,8.10E-03,-1.28E-01,4.36E-01,7.29E-01,4.94E-02
0.9,6.82E-03,-1.27E-01,4.44E-01,7.29E-01,1.97E-02
0.91,5.56E-03,-1.26E-01,4.51E-01,7.28E-01,-9.71E-03
0.92,4.30E-03,-1.26E-01,4.58E-01,7.28E-01,-3.89E-02
0.93,3.04E-03,-1.25E-01,4.65E-01,7.27E-01,-6.79E-02
0.94,1.80E-03,-1.24E-01,4.73E-01,7.26E-01,-9.66E-02
0.95,5.62E-04,-1.23E-01,4.80E-01,7.25E-01,-1.25E-01
0.96,-6.66E-04,-1.22E-01,4.87E-01,7.24E-01,-1.53E-01
0.97,-1.89E-03,-1.22E-01,4.94E-01,7.23E-01,-1.81E-01
0.98,-3.10E-03,-1.21E-01,5.02E-01,7.22E-01,-2.09E-01
0.99,-4.30E-03,-1.20E-01,5.09E-01,7.20E-01,-2.36E-01
1,-5.49E-03,-1.19E-01,5.16E-01,7.18E-01,-2.63E-01
1.01,-6.68E-03,-1.18E-01,5.23E-01,7.17E-01,-2.90E-01
1.02,-7.85E-03,-1.17E-01,5.30E-01,7.15E-01,-3.17E-01
1.03,-9.02E-03,-1.16E-01,5.38E-01,7.12E-01,-3.43E-01
1.04,-1.02E-02,-1.15E-01,5.45E-01,7.10E-01,-3.69E-01
1.05,-1.13E-02,-1.14E-01,5.52E-01,7.08E-01,-3.95E-01
1.06,-1.25E-02,-1.13E-01,5.59E-01,7.05E-01,-4.20E-01
1.07,-1.36E-02,-1.12E-01,5.66E-01,7.03E-01,-4.45E-01
1.08,-1.47E-02,-1.11E-01,5.73E-01,7.00E-01,-4.70E-01
1.09,-1.58E-02,-1.10E-01,5.80E-01,6.97E-01,-4.95E-01
1.1,-1.69E-02,-1.09E-01,5.87E-01,6.94E-01,-5.19E-01
1.11,-1.80E-02,-1.08E-01,5.94E-01,6.91E-01,-5.43E-01
1.12,-1.91E-02,-1.07E-01,6.01E-01,6.87E-01,-5.67E-01
1.13,-2.01E-02,-1.06E-01,6.08E-01,6.84E-01,-5.90E-01
1.14,-2.12E-02,-1.04E-01,6.14E-01,6.80E-01,-6.13E-01
1.15,-2.22E-02,-1.03E-01,6.21E-01,6.76E-01,-6.36E-01
1.16,-2.32E-02,-1.02E-01,6.28E-01,6.73E-01,-6.58E-01
1.17,-2.42E-02,-1.01E-01,6.35E-01,6.69E-01,-6.81E-01
1.18,-2.52E-02,-9.97E-02,6.41E-01,6.65E-01,-7.02E-01
1.19,-2.62E-02,-9.85E-02,6.48E-01,6.61E-01,-7.24E-01
1.2,-2.72E-02,-9.73E-02,6.54E-01,6.56E-01,-7.45E-01
1.21,-2.82E-02,-9.61E-02,6.61E-01,6.52E-01,-7.66E-01
1.22,-2.91E-02,-9.49E-02,6.67E-01,6.47E-01,-7.87E-01
1.23,-3.01E-02,-9.37E-02,6.74E-01,6.43E-01,-8.07E-01
1.24,-3.10E-02,-9.25E-02,6.80E-01,6.38E-01,-8.27E-01
1.25,-3.19E-02,-9.12E-02,6.87E-01,6.33E-01,-8.47E-01
1.26,-3.28E-02,-9.00E-02,6.93E-01,6.28E-01,-8.66E-01
1.27,-3.37E-02,-8.87E-02,6.99E-01,6.23E-01,-8.85E-01
1.28,-3.46E-02,-8.74E-02,7.05E-01,6.18E-01,-9.04E-01
1.29,-3.55E-02,-8.62E-02,7.12E-01,6.13E-01,-9.22E-01
1.3,-3.63E-02,-8.49E-02,7.18E-01,6.08E-01,-9.40E-01
1.31,-3.72E-02,-8.36E-02,7.24E-01,6.02E-01,-9.58E-01
1.32,-3.80E-02,-8.23E-02,7.30E-01,5.97E-01,-9.75E-01
1.33,-3.88E-02,-8.10E-02,7.36E-01,5.91E-01,-9.93E-01
1.34,-3.96E-02,-7.97E-02,7.42E-01,5.86E-01,-1.01E+00
1.35,-4.04E-02,-7.84E-02,7.47E-01,5.80E-01,-1.03E+00
1.36,-4.12E-02,-7.71E-02,7.53E-01,5.74E-01,-1.04E+00
1.37,-4.20E-02,-7.58E-02,7.59E-01,5.68E-01,-1.06E+00
1.38,-4.27E-02,-7.45E-02,7.65E-01,5.62E-01,-1.07E+00
1.39,-4.34E-02,-7.32E-02,7.70E-01,5.56E-01,-1.09E+00
1.4,-4.42E-02,-7.18E-02,7.76E-01,5.50E-01,-1.10E+00
1.41,-4.49E-02,-7.05E-02,7.81E-01,5.44E-01,-1.12E+00
1.42,-4.56E-02,-6.92E-02,7.87E-01,5.38E-01,-1.13E+00
1.43,-4.63E-02,-6.79E-02,7.92E-01,5.31E-01,-1.15E+00
1.44,-4.69E-02,-6.66E-02,7.97E-01,5.25E-01,-1.16E+00
1.45,-4.76E-02,-6.52E-02,8.02E-01,5.18E-01,-1.17E+00
1.46,-4.82E-02,-6.39E-02,8.08E-01,5.12E-01,-1.19E+00
1.47,-4.89E-02,-6.26E-02,8.13E-01,5.05E-01,-1.20E+00
1.48,-4.95E-02,-6.12E-02,8.18E-01,4.98E-01,-1.21E+00
1.49,-5.01E-02,-5.99E-02,8.23E-01,4.92E-01,-1.22E+00
1.5,-5.07E-02,-5.86E-02,8.27E-01,4.85E-01,-1.24E+00
1.51,-5.13E-02,-5.73E-02,8.32E-01,4.78E-01,-1.25E+00
1.52,-5.18E-02,-5.59E-02,8.37E-01,4.71E-01,-1.26E+00
1.53,-5.24E-02,-5.46E-02,8.42E-01,4.64E-01,-1.27E+00
1.54,-5.29E-02,-5.33E-02,8.46E-01,4.57E-01,-1.28E+00
1.55,-5.35E-02,-5.20E-02,8.51E-01,4.50E-01,-1.29E+00
1.56,-5.40E-02,-5.07E-02,8.55E-01,4.43E-01,-1.30E+00
1.57,-5.45E-02,-4.93E-02,8.60E-01,4.36E-01,-1.31E+00
1.58,-5.50E-02,-4.80E-02,8.64E-01,4.28E-01,-1.32E+00
1.59,-5.54E-02,-4.67E-02,8.68E-01,4.21E-01,-1.33E+00
1.6,-5.59E-02,-4.54E-02,8.72E-01,4.14E-01,-1.34E+00
1.61,-5.63E-02,-4.41E-02,8.77E-01,4.06E-01,-1.34E+00
1.62,-5.68E-02,-4.28E-02,8.81E-01,3.99E-01,-1.35E+00
1.63,-5.72E-02,-4.15E-02,8.85E-01,3.92E-01,-1.36E+00
1.64,-5.76E-02,-4.02E-02,8.88E-01,3.84E-01,-1.37E+00
1.65,-5.80E-02,-3.89E-02,8.92E-01,3.77E-01,-1.37E+00
1.66,-5.84E-02,-3.76E-02,8.96E-01,3.69E-01,-1.38E+00
1.67,-5.88E-02,-3.64E-02,9.00E-01,3.62E-01,-1.39E+00
1.68,-5.91E-02,-3.51E-02,9.03E-01,3.54E-01,-1.39E+00
1.69,-5.95E-02,-3.38E-02,9.07E-01,3.46E-01,-1.40E+00
1.7,-5.98E-02,-3.25E-02,9.10E-01,3.39E-01,-1.41E+00
1.71,-6.01E-02,-3.13E-02,9.13E-01,3.31E-01,-1.41E+00
1.72,-6.04E-02,-3.00E-02,9.17E-01,3.23E-01,-1.42E+00
1.73,-6.07E-02,-2.88E-02,9.20E-01,3.16E-01,-1.42E+00
1.74,-6.10E-02,-2.75E-02,9.23E-01,3.08E-01,-1.43E+00
1.75,-6.13E-02,-2.63E-02,9.26E-01,3.00E-01,-1.43E+00
1.76,-6.15E-02,-2.51E-02,9.29E-01,2.92E-01,-1.43E+00
1.77,-6.18E-02,-2.39E-02,9.32E-01,2.85E-01,-1.44E+00
1.78,-6.20E-02,-2.26E-02,9.35E-01,2.77E-01,-1.44E+00
1.79,-6.22E-02,-2.14E-02,9.37E-01,2.69E-01,-1.45E+00
1.8,-6.24E-02,-2.02E-02,9.40E-01,2.61E-01,-1.45E+00
1.81,-6.26E-02,-1.90E-02,9.43E-01,2.53E-01,-1.45E+00
1.82,-6.28E-02,-1.78E-02,9.45E-01,2.45E-01,-1.45E+00
1.83,-6.30E-02,-1.67E-02,9.48E-01,2.38E-01,-1.46E+00
1.84,-6.31E-02,-1.55E-02,9.50E-01,2.30E-01,-1.46E+00
1.85,-6.33E-02,-1.43E-02,9.52E-01,2.22E-01,-1.46E+00
1.86,-6.34E-02,-1.32E-02,9.54E-01,2.14E-01,-1.46E+00
1.87,-6.35E-02,-1.20E-02,9.56E-01,2.06E-01,-1.46E+00
1.88,-6.37E-02,-1.09E-02,9.58E-01,1.98E-01,-1.46E+00
1.89,-6.38E-02,-9.74E-03,9.60E-01,1.90E-01,-1.46E+00
1.9,-6.39E-02,-8.62E-03,9.62E-01,1.82E-01,-1.46E+00
1.91,-6.39E-02,-7.50E-03,9.64E-01,1.74E-01,-1.46E+00
1.92,-6.40E-02,-6.39E-03,9.66E-01,1.67E-01,-1.46E+00
1.93,-6.41E-02,-5.29E-03,9.67E-01,1.59E-01,-1.46E+00
1.94,-6.41E-02,-4.20E-03,9.69E-01,1.51E-01,-1.46E+00
1.95,-6.42E-02,-3.12E-03,9.70E-01,1.43E-01,-1.46E+00
1.96,-6.42E-02,-2.05E-03,9.72E-01,1.35E-01,-1.46E+00
1.97,-6.42E-02,-9.85E-04,9.73E-01,1.27E-01,-1.46E+00
1.98,-6.42E-02,6.93E-05,9.74E-01,1.20E-01,-1.46E+00
1.99,-6.42E-02,1.11E-03,9.76E-01,1.12E-01,-1.46E+00
2,-6.42E-02,2.15E-03,9.77E-01,1.04E-01,-1.46E+00
2.01,-6.41E-02,3.18E-03,9.78E-01,9.61E-02,-1.45E+00
2.02,-6.41E-02,4.19E-03,9.79E-01,8.83E-02,-1.45E+00
2.03,-6.41E-02,5.20E-03,9.79E-01,8.06E-02,-1.45E+00
2.04,-6.40E-02,6.20E-03,9.80E-01,7.29E-02,-1.45E+00
2.05,-6.39E-02,7.18E-03,9.81E-01,6.51E-02,-1.44E+00
2.06,-6.39E-02,8.16E-03,9.81E-01,5.74E-02,-1.44E+00
2.07,-6.38E-02,9.13E-03,9.82E-01,4.98E-02,-1.44E+00
2.08,-6.37E-02,1.01E-02,9.82E-01,4.21E-02,-1.43E+00
2.09,-6.36E-02,1.10E-02,9.83E-01,3.45E-02,-1.43E+00
2.1,-6.35E-02,1.20E-02,9.83E-01,2.69E-02,-1.42E+00
2.11,-6.33E-02,1.29E-02,9.83E-01,1.93E-02,-1.42E+00
2.12,-6.32E-02,1.38E-02,9.83E-01,1.18E-02,-1.42E+00
2.13,-6.31E-02,1.47E-02,9.84E-01,4.25E-03,-1.41E+00
2.14,-6.29E-02,1.56E-02,9.84E-01,-3.24E-03,-1.41E+00
2.15,-6.27E-02,1.65E-02,9.84E-01,-1.07E-02,-1.40E+00
2.16,-6.26E-02,1.74E-02,9.83E-01,-1.81E-02,-1.40E+00
2.17,-6.24E-02,1.82E-02,9.83E-01,-2.55E-02,-1.39E+00
2.18,-6.22E-02,1.91E-02,9.83E-01,-3.29E-02,-1.39E+00
2.19,-6.20E-02,1.99E-02,9.82E-01,-4.02E-02,-1.38E+00
2.2,-6.18E-02,2.08E-02,9.82E-01,-4.75E-02,-1.37E+00
2.21,-6.16E-02,2.16E-02,9.82E-01,-5.48E-02,-1.37E+00
2.22,-6.14E-02,2.24E-02,9.81E-01,-6.20E-02,-1.36E+00
2.23,-6.12E-02,2.32E-02,9.80E-01,-6.92E-02,-1.36E+00
2.24,-6.09E-02,2.40E-02,9.80E-01,-7.64E-02,-1.35E+00
2.25,-6.07E-02,2.48E-02,9.79E-01,-8.35E-02,-1.34E+00
2.26,-6.04E-02,2.55E-02,9.78E-01,-9.06E-02,-1.34E+00
2.27,-6.02E-02,2.63E-02,9.77E-01,-9.76E-02,-1.33E+00
2.28,-5.99E-02,2.70E-02,9.76E-01,-1.05E-01,-1.32E+00
2.29,-5.96E-02,2.78E-02,9.75E-01,-1.12E-01,-1.31E+00
2.3,-5.93E-02,2.85E-02,9.74E-01,-1.18E-01,-1.31E+00
2.31,-5.91E-02,2.92E-02,9.72E-01,-1.25E-01,-1.30E+00
2.32,-5.88E-02,2.99E-02,9.71E-01,-1.32E-01,-1.29E+00
2.33,-5.85E-02,3.06E-02,9.70E-01,-1.39E-01,-1.28E+00
2.34,-5.81E-02,3.13E-02,9.68E-01,-1.46E-01,-1.28E+00
2.35,-5.78E-02,3.20E-02,9.67E-01,-1.52E-01,-1.27E+00
2.36,-5.75E-02,3.26E-02,9.65E-01,-1.59E-01,-1.26E+00
2.37,-5.72E-02,3.33E-02,9.64E-01,-1.66E-01,-1.25E+00
2.38,-5.68E-02,3.39E-02,9.62E-01,-1.72E-01,-1.24E+00
2.39,-5.65E-02,3.45E-02,9.60E-01,-1.79E-01,-1.23E+00
2.4,-5.61E-02,3.52E-02,9.58E-01,-1.85E-01,-1.22E+00
2.41,-5.58E-02,3.58E-02,9.57E-01,-1.92E-01,-1.22E+00
2.42,-5.54E-02,3.63E-02,9.55E-01,-1.98E-01,-1.21E+00
2.43,-5.51E-02,3.69E-02,9.53E-01,-2.04E-01,-1.20E+00
2.44,-5.47E-02,3.75E-02,9.51E-01,-2.10E-01,-1.19E+00
2.45,-5.43E-02,3.81E-02,9.48E-01,-2.17E-01,-1.18E+00
2.46,-5.39E-02,3.86E-02,9.46E-01,-2.23E-01,-1.17E+00
2.47,-5.35E-02,3.92E-02,9.44E-01,-2.29E-01,-1.16E+00
2.48,-5.32E-02,3.97E-02,9.42E-01,-2.35E-01,-1.15E+00
2.49,-5.28E-02,4.02E-02,9.39E-01,-2.41E-01,-1.14E+00
2.5,-5.23E-02,4.07E-02,9.37E-01,-2.47E-01,-1.13E+00
2.51,-5.19E-02,4.12E-02,9.34E-01,-2.53E-01,-1.12E+00
2.52,-5.15E-02,4.17E-02,9.32E-01,-2.59E-01,-1.11E+00
2.53,-5.11E-02,4.22E-02,9.29E-01,-2.64E-01,-1.10E+00
2.54,-5.07E-02,4.26E-02,9.27E-01,-2.70E-01,-1.09E+00
2.55,-5.03E-02,4.31E-02,9.24E-01,-2.76E-01,-1.08E+00
2.56,-4.98E-02,4.35E-02,9.21E-01,-2.81E-01,-1.07E+00
2.57,-4.94E-02,4.40E-02,9.18E-01,-2.87E-01,-1.06E+00
2.58,-4.89E-02,4.44E-02,9.15E-01,-2.92E-01,-1.05E+00
2.59,-4.85E-02,4.48E-02,9.12E-01,-2.98E-01,-1.04E+00
2.6,-4.80E-02,4.52E-02,9.09E-01,-3.03E-01,-1.03E+00
2.61,-4.76E-02,4.56E-02,9.06E-01,-3.08E-01,-1.02E+00
2.62,-4.71E-02,4.60E-02,9.03E-01,-3.14E-01,-1.01E+00
2.63,-4.67E-02,4.63E-02,9.00E-01,-3.19E-01,-9.94E-01
2.64,-4.62E-02,4.67E-02,8.97E-01,-3.24E-01,-9.83E-01
2.65,-4.57E-02,4.70E-02,8.93E-01,-3.29E-01,-9.72E-01
2.66,-4.53E-02,4.74E-02,8.90E-01,-3.34E-01,-9.61E-01
2.67,-4.48E-02,4.77E-02,8.87E-01,-3.39E-01,-9.50E-01
2.68,-4.43E-02,4.80E-02,8.83E-01,-3.44E-01,-9.39E-01
2.69,-4.38E-02,4.83E-02,8.80E-01,-3.49E-01,-9.27E-01
2.7,-4.33E-02,4.86E-02,8.76E-01,-3.53E-01,-9.16E-01
2.71,-4.29E-02,4.89E-02,8.73E-01,-3.58E-01,-9.04E-01
2.72,-4.24E-02,4.92E-02,8.69E-01,-3.63E-01,-8.93E-01
2.73,-4.19E-02,4.95E-02,8.66E-01,-3.67E-01,-8.81E-01
2.74,-4.14E-02,4.97E-02,8.62E-01,-3.72E-01,-8.70E-01
2.75,-4.09E-02,5.00E-02,8.58E-01,-3.76E-01,-8.58E-01
2.76,-4.04E-02,5.02E-02,8.54E-01,-3.81E-01,-8.47E-01
2.77,-3.99E-02,5.05E-02,8.51E-01,-3.85E-01,-8.35E-01
2.78,-3.94E-02,5.07E-02,8.47E-01,-3.89E-01,-8.23E-01
2.79,-3.89E-02,5.09E-02,8.43E-01,-3.93E-01,-8.12E-01
2.8,-3.83E-02,5.11E-02,8.39E-01,-3.98E-01,-8.00E-01
2.81,-3.78E-02,5.13E-02,8.35E-01,-4.02E-01,-7.88E-01
2.82,-3.73E-02,5.15E-02,8.31E-01,-4.06E-01,-7.76E-01
2.83,-3.68E-02,5.16E-02,8.27E-01,-4.10E-01,-7.64E-01
2.84,-3.63E-02,5.18E-02,8.23E-01,-4.13E-01,-7.52E-01
2.85,-3.58E-02,5.20E-02,8.18E-01,-4.17E-01,-7.41E-01
2.86,-3.52E-02,5.21E-02,8.14E-01,-4.21E-01,-7.29E-01
2.87,-3.47E-02,5.22E-02,8.10E-01,-4.25E-01,-7.17E-01
2.88,-3.42E-02,5.24E-02,8.06E-01,-4.28E-01,-7.05E-01
2.89,-3.37E-02,5.25E-02,8.01E-01,-4.32E-01,-6.93E-01
2.9,-3.32E-02,5.26E-02,7.97E-01,-4.35E-01,-6.81E-01
2.91,-3.26E-02,5.27E-02,7.93E-01,-4.39E-01,-6.69E-01
2.92,-3.21E-02,5.28E-02,7.88E-01,-4.42E-01,-6.57E-01
2.93,-3.16E-02,5.29E-02,7.84E-01,-4.45E-01,-6.45E-01
2.94,-3.10E-02,5.30E-02,7.79E-01,-4.49E-01,-6.33E-01
2.95,-3.05E-02,5.30E-02,7.75E-01,-4.52E-01,-6.21E-01
2.96,-3.00E-02,5.31E-02,7.70E-01,-4.55E-01,-6.09E-01
2.97,-2.95E-02,5.31E-02,7.66E-01,-4.58E-01,-5.97E-01
2.98,-2.89E-02,5.32E-02,7.61E-01,-4.61E-01,-5.85E-01
2.99,-2.84E-02,5.32E-02,7.57E-01,-4.64E-01,-5.73E-01
3,-2.79E-02,5.33E-02,7.52E-01,-4.67E-01,-5.61E-01
3.01,-2.73E-02,5.33E-02,7.47E-01,-4.69E-01,-5.49E-01
3.02,-2.68E-02,5.33E-02,7.43E-01,-4.72E-01,-5.37E-01
3.03,-2.63E-02,5.33E-02,7.38E-01,-4.75E-01,-5.25E-01
3.04,-2.57E-02,5.33E-02,7.33E-01,-4.77E-01,-5.13E-01
3.05,-2.52E-02,5.33E-02,7.28E-01,-4.80E-01,-5.01E-01
3.06,-2.47E-02,5.32E-02,7.23E-01,-4.82E-01,-4.89E-01
3.07,-2.41E-02,5.32E-02,7.19E-01,-4.85E-01,-4.77E-01
3.08,-2.36E-02,5.32E-02,7.14E-01,-4.87E-01,-4.65E-01
3.09,-2.31E-02,5.31E-02,7.09E-01,-4.89E-01,-4.54E-01
3.1,-2.25E-02,5.31E-02,7.04E-01,-4.92E-01,-4.42E-01
3.11,-2.20E-02,5.30E-02,6.99E-01,-4.94E-01,-4.30E-01
3.12,-2.15E-02,5.30E-02,6.94E-01,-4.96E-01,-4.18E-01
3.13,-2.09E-02,5.29E-02,6.89E-01,-4.98E-01,-4.06E-01
3.14,-2.04E-02,5.28E-02,6.84E-01,-5.00E-01,-3.95E-01
3.15,-1.99E-02,5.27E-02,6.79E-01,-5.02E-01,-3.83E-01
3.16,-1.94E-02,5.26E-02,6.74E-01,-5.04E-01,-3.71E-01
3.17,-1.88E-02,5.25E-02,6.69E-01,-5.05E-01,-3.60E-01
3.18,-1.83E-02,5.24E-02,6.64E-01,-5.07E-01,-3.48E-01
3.19,-1.78E-02,5.23E-02,6.59E-01,-5.09E-01,-3.36E-01
3.2,-1.73E-02,5.22E-02,6.54E-01,-5.10E-01,-3.25E-01
3.21,-1.67E-02,5.21E-02,6.49E-01,-5.12E-01,-3.13E-01
3.22,-1.62E-02,5.19E-02,6.44E-01,-5.13E-01,-3.02E-01
3.23,-1.57E-02,5.18E-02,6.38E-01,-5.15E-01,-2.90E-01
3.24,-1.52E-02,5.17E-02,6.33E-01,-5.16E-01,-2.79E-01
3.25,-1.47E-02,5.15E-02,6.28E-01,-5.17E-01,-2.68E-01
3.26,-1.42E-02,5.14E-02,6.23E-01,-5.19E-01,-2.56E-01
3.27,-1.36E-02,5.12E-02,6.18E-01,-5.20E-01,-2.45E-01
3.28,-1.31E-02,5.10E-02,6.13E-01,-5.21E-01,-2.34E-01
3.29,-1.26E-02,5.09E-02,6.07E-01,-5.22E-01,-2.23E-01
3.3,-1.21E-02,5.07E-02,6.02E-01,-5.23E-01,-2.12E-01
3.31,-1.16E-02,5.05E-02,5.97E-01,-5.24E-01,-2.01E-01
3.32,-1.11E-02,5.03E-02,5.92E-01,-5.25E-01,-1.90E-01
3.33,-1.06E-02,5.01E-02,5.86E-01,-5.26E-01,-1.79E-01
3.34,-1.01E-02,4.99E-02,5.81E-01,-5.26E-01,-1.68E-01
3.35,-9.60E-03,4.97E-02,5.76E-01,-5.27E-01,-1.57E-01
3.36,-9.11E-03,4.95E-02,5.71E-01,-5.28E-01,-1.46E-01
3.37,-8.61E-03,4.93E-02,5.65E-01,-5.28E-01,-1.36E-01
3.38,-8.12E-03,4.90E-02,5.60E-01,-5.29E-01,-1.25E-01
3.39,-7.63E-03,4.88E-02,5.55E-01,-5.29E-01,-1.14E-01
3.4,-7.15E-03,4.86E-02,5.49E-01,-5.30E-01,-1.04E-01
3.41,-6.66E-03,4.83E-02,5.44E-01,-5.30E-01,-9.32E-02
3.42,-6.18E-03,4.81E-02,5.39E-01,-5.31E-01,-8.28E-02
3.43,-5.70E-03,4.78E-02,5.34E-01,-5.31E-01,-7.24E-02
3.44,-5.22E-03,4.76E-02,5.28E-01,-5.31E-01,-6.21E-02
3.45,-4.75E-03,4.73E-02,5.23E-01,-5.31E-01,-5.18E-02
3.46,-4.28E-03,4.71E-02,5.18E-01,-5.31E-01,-4.17E-02
3.47,-3.81E-03,4.68E-02,5.12E-01,-5.31E-01,-3.16E-02
3.48,-3.34E-03,4.65E-02,5.07E-01,-5.31E-01,-2.15E-02
3.49,-2.87E-03,4.63E-02,5.02E-01,-5.31E-01,-1.15E-02
3.5,-2.41E-03,4.60E-02,4.96E-01,-5.31E-01,-1.62E-03
3.51,-1.96E-03,4.57E-02,4.91E-01,-5.31E-01,8.22E-03
3.52,-1.50E-03,4.54E-02,4.86E-01,-5.31E-01,1.80E-02
3.53,-1.05E-03,4.51E-02,4.80E-01,-5.31E-01,2.77E-02
3.54,-5.97E-04,4.48E-02,4.75E-01,-5.30E-01,3.73E-02
3.55,-1.50E-04,4.45E-02,4.70E-01,-5.30E-01,4.69E-02
3.56,2.94E-04,4.42E-02,4.65E-01,-5.29E-01,5.64E-02
3.57,7.35E-04,4.39E-02,4.59E-01,-5.29E-01,6.58E-02
3.58,1.17E-03,4.36E-02,4.54E-01,-5.28E-01,7.51E-02
3.59,1.61E-03,4.33E-02,4.49E-01,-5.28E-01,8.44E-02
3.6,2.04E-03,4.30E-02,4.43E-01,-5.27E-01,9.35E-02
3.61,2.47E-03,4.27E-02,4.38E-01,-5.27E-01,1.03E-01
3.62,2.89E-03,4.24E-02,4.33E-01,-5.26E-01,1.12E-01
3.63,3.31E-03,4.20E-02,4.28E-01,-5.25E-01,1.21E-01
3.64,3.73E-03,4.17E-02,4.22E-01,-5.24E-01,1.30E-01
3.65,4.15E-03,4.14E-02,4.17E-01,-5.24E-01,1.38E-01
3.66,4.56E-03,4.10E-02,4.12E-01,-5.23E-01,1.47E-01
3.67,4.97E-03,4.07E-02,4.07E-01,-5.22E-01,1.56E-01
3.68,5.38E-03,4.04E-02,4.01E-01,-5.21E-01,1.64E-01
3.69,5.78E-03,4.00E-02,3.96E-01,-5.20E-01,1.73E-01
3.7,6.18E-03,3.97E-02,3.91E-01,-5.19E-01,1.81E-01
3.71,6.57E-03,3.93E-02,3.86E-01,-5.18E-01,1.89E-01
3.72,6.96E-03,3.90E-02,3.81E-01,-5.17E-01,1.98E-01
3.73,7.35E-03,3.86E-02,3.76E-01,-5.15E-01,2.06E-01
3.74,7.74E-03,3.83E-02,3.70E-01,-5.14E-01,2.14E-01
3.75,8.12E-03,3.79E-02,3.65E-01,-5.13E-01,2.22E-01
3.76,8.49E-03,3.76E-02,3.60E-01,-5.12E-01,2.30E-01
3.77,8.87E-03,3.72E-02,3.55E-01,-5.10E-01,2.38E-01
3.78,9.24E-03,3.68E-02,3.50E-01,-5.09E-01,2.45E-01
3.79,9.61E-03,3.65E-02,3.45E-01,-5.07E-01,2.53E-01
3.8,9.97E-03,3.61E-02,3.40E-01,-5.06E-01,2.61E-01
3.81,1.03E-02,3.57E-02,3.35E-01,-5.04E-01,2.68E-01
3.82,1.07E-02,3.54E-02,3.30E-01,-5.03E-01,2.75E-01
3.83,1.10E-02,3.50E-02,3.25E-01,-5.01E-01,2.83E-01
3.84,1.14E-02,3.46E-02,3.20E-01,-5.00E-01,2.90E-01
3.85,1.17E-02,3.43E-02,3.15E-01,-4.98E-01,2.97E-01
3.86,1.21E-02,3.39E-02,3.10E-01,-4.96E-01,3.04E-01
3.87,1.24E-02,3.35E-02,3.05E-01,-4.95E-01,3.11E-01
3.88,1.27E-02,3.31E-02,3.00E-01,-4.93E-01,3.18E-01
3.89,1.31E-02,3.27E-02,2.95E-01,-4.91E-01,3.25E-01
3.9,1.34E-02,3.24E-02,2.90E-01,-4.89E-01,3.32E-01
3.91,1.37E-02,3.20E-02,2.85E-01,-4.87E-01,3.38E-01
3.92,1.40E-02,3.16E-02,2.80E-01,-4.85E-01,3.45E-01
3.93,1.43E-02,3.12E-02,2.75E-01,-4.83E-01,3.51E-01
3.94,1.47E-02,3.08E-02,2.71E-01,-4.82E-01,3.58E-01
3.95,1.50E-02,3.04E-02,2.66E-01,-4.80E-01,3.64E-01
3.96,1.53E-02,3.01E-02,2.61E-01,-4.77E-01,3.70E-01
3.97,1.56E-02,2.97E-02,2.56E-01,-4.75E-01,3.76E-01
3.98,1.59E-02,2.93E-02,2.51E-01,-4.73E-01,3.82E-01
3.99,1.62E-02,2.89E-02,2.47E-01,-4.71E-01,3.88E-01
4,1.64E-02,2.85E-02,2.42E-01,-4.69E-01,3.94E-01
4.01,1.67E-02,2.81E-02,2.37E-01,-4.67E-01,4.00E-01
4.02,1.70E-02,2.77E-02,2.33E-01,-4.65E-01,4.05E-01
4.03,1.73E-02,2.73E-02,2.28E-01,-4.62E-01,4.11E-01
4.04,1.75E-02,2.69E-02,2.23E-01,-4.60E-01,4.16E-01
4.05,1.78E-02,2.65E-02,2.19E-01,-4.58E-01,4.22E-01
4.06,1.81E-02,2.61E-02,2.14E-01,-4.56E-01,4.27E-01
4.07,1.83E-02,2.58E-02,2.10E-01,-4.53E-01,4.32E-01
4.08,1.86E-02,2.54E-02,2.05E-01,-4.51E-01,4.37E-01
4.09,1.88E-02,2.50E-02,2.01E-01,-4.48E-01,4.42E-01
4.1,1.91E-02,2.46E-02,1.96E-01,-4.46E-01,4.47E-01
4.11,1.93E-02,2.42E-02,1.92E-01,-4.44E-01,4.52E-01
4.12,1.96E-02,2.38E-02,1.87E-01,-4.41E-01,4.57E-01
4.13,1.98E-02,2.34E-02,1.83E-01,-4.39E-01,4.62E-01
4.14,2.00E-02,2.30E-02,1.79E-01,-4.36E-01,4.66E-01
4.15,2.03E-02,2.26E-02,1.74E-01,-4.34E-01,4.71E-01
4.16,2.05E-02,2.22E-02,1.70E-01,-4.31E-01,4.75E-01
4.17,2.07E-02,2.18E-02,1.66E-01,-4.28E-01,4.80E-01
4.18,2.09E-02,2.14E-02,1.61E-01,-4.26E-01,4.84E-01
4.19,2.11E-02,2.10E-02,1.57E-01,-4.23E-01,4.88E-01
4.2,2.14E-02,2.07E-02,1.53E-01,-4.21E-01,4.92E-01
4.21,2.16E-02,2.03E-02,1.49E-01,-4.18E-01,4.96E-01
4.22,2.18E-02,1.99E-02,1.45E-01,-4.15E-01,5.00E-01
4.23,2.20E-02,1.95E-02,1.40E-01,-4.13E-01,5.04E-01
4.24,2.21E-02,1.91E-02,1.36E-01,-4.10E-01,5.08E-01
4.25,2.23E-02,1.87E-02,1.32E-01,-4.07E-01,5.11E-01
4.26,2.25E-02,1.83E-02,1.28E-01,-4.04E-01,5.15E-01
4.27,2.27E-02,1.79E-02,1.24E-01,-4.02E-01,5.18E-01
4.28,2.29E-02,1.76E-02,1.20E-01,-3.99E-01,5.22E-01
4.29,2.31E-02,1.72E-02,1.16E-01,-3.96E-01,5.25E-01
4.3,2.32E-02,1.68E-02,1.12E-01,-3.93E-01,5.28E-01
4.31,2.34E-02,1.64E-02,1.08E-01,-3.90E-01,5.31E-01
4.32,2.36E-02,1.60E-02,1.04E-01,-3.87E-01,5.34E-01
4.33,2.37E-02,1.56E-02,1.01E-01,-3.85E-01,5.37E-01
4.34,2.39E-02,1.53E-02,9.67E-02,-3.82E-01,5.40E-01
4.35,2.40E-02,1.49E-02,9.29E-02,-3.79E-01,5.43E-01
4.36,2.42E-02,1.45E-02,8.92E-02,-3.76E-01,5.46E-01
4.37,2.43E-02,1.41E-02,8.54E-02,-3.73E-01,5.49E-01
4.38,2.44E-02,1.38E-02,8.17E-02,-3.70E-01,5.51E-01
4.39,2.46E-02,1.34E-02,7.80E-02,-3.67E-01,5.54E-01
4.4,2.47E-02,1.30E-02,7.44E-02,-3.64E-01,5.56E-01
4.41,2.48E-02,1.27E-02,7.07E-02,-3.61E-01,5.58E-01
4.42,2.50E-02,1.23E-02,6.72E-02,-3.58E-01,5.61E-01
4.43,2.51E-02,1.19E-02,6.36E-02,-3.55E-01,5.63E-01
4.44,2.52E-02,1.16E-02,6.00E-02,-3.52E-01,5.65E-01
4.45,2.53E-02,1.12E-02,5.65E-02,-3.49E-01,5.67E-01
4.46,2.54E-02,1.08E-02,5.31E-02,-3.46E-01,5.69E-01
4.47,2.55E-02,1.05E-02,4.96E-02,-3.43E-01,5.71E-01
4.48,2.56E-02,1.01E-02,4.62E-02,-3.40E-01,5.72E-01
4.49,2.57E-02,9.75E-03,4.28E-02,-3.37E-01,5.74E-01
4.5,2.58E-02,9.39E-03,3.95E-02,-3.34E-01,5.76E-01
4.51,2.59E-02,9.04E-03,3.61E-02,-3.31E-01,5.77E-01
4.52,2.60E-02,8.69E-03,3.28E-02,-3.28E-01,5.79E-01
4.53,2.61E-02,8.34E-03,2.96E-02,-3.25E-01,5.80E-01
4.54,2.62E-02,7.99E-03,2.64E-02,-3.22E-01,5.81E-01
4.55,2.63E-02,7.64E-03,2.32E-02,-3.19E-01,5.83E-01
4.56,2.63E-02,7.30E-03,2.00E-02,-3.15E-01,5.84E-01
4.57,2.64E-02,6.96E-03,1.68E-02,-3.12E-01,5.85E-01
4.58,2.65E-02,6.62E-03,1.37E-02,-3.09E-01,5.86E-01
4.59,2.65E-02,6.28E-03,1.07E-02,-3.06E-01,5.87E-01
4.6,2.66E-02,5.94E-03,7.61E-03,-3.03E-01,5.88E-01
4.61,2.67E-02,5.61E-03,4.60E-03,-3.00E-01,5.89E-01
4.62,2.67E-02,5.27E-03,1.61E-03,-2.97E-01,5.89E-01
4.63,2.68E-02,4.94E-03,-1.34E-03,-2.94E-01,5.90E-01
4.64,2.68E-02,4.62E-03,-4.26E-03,-2.91E-01,5.91E-01
4.65,2.69E-02,4.29E-03,-7.15E-03,-2.88E-01,5.91E-01
4.66,2.69E-02,3.97E-03,-1.00E-02,-2.84E-01,5.92E-01
4.67,2.69E-02,3.64E-03,-1.28E-02,-2.81E-01,5.92E-01
4.68,2.70E-02,3.32E-03,-1.56E-02,-2.78E-01,5.92E-01
4.69,2.70E-02,3.01E-03,-1.84E-02,-2.75E-01,5.93E-01
4.7,2.70E-02,2.69E-03,-2.11E-02,-2.72E-01,5.93E-01
4.71,2.71E-02,2.38E-03,-2.38E-02,-2.69E-01,5.93E-01
4.72,2.71E-02,2.07E-03,-2.65E-02,-2.66E-01,5.93E-01
4.73,2.71E-02,1.76E-03,-2.92E-02,-2.63E-01,5.93E-01
4.74,2.71E-02,1.45E-03,-3.18E-02,-2.59E-01,5.93E-01
4.75,2.71E-02,1.15E-03,-3.43E-02,-2.56E-01,5.93E-01
4.76,2.71E-02,8.48E-04,-3.69E-02,-2.53E-01,5.93E-01
4.77,2.71E-02,5.49E-04,-3.94E-02,-2.50E-01,5.92E-01
4.78,2.71E-02,2.53E-04,-4.19E-02,-2.47E-01,5.92E-01
4.79,2.71E-02,-4.13E-05,-4.43E-02,-2.44E-01,5.92E-01
4.8,2.71E-02,-3.33E-04,-4.68E-02,-2.41E-01,5.91E-01
4.81,2.71E-02,-6.22E-04,-4.92E-02,-2.38E-01,5.91E-01
4.82,2.71E-02,-9.09E-04,-5.15E-02,-2.35E-01,5.90E-01
4.83,2.71E-02,-1.19E-03,-5.39E-02,-2.31E-01,5.90E-01
4.84,2.71E-02,-1.47E-03,-5.62E-02,-2.28E-01,5.89E-01
4.85,2.71E-02,-1.75E-03,-5.84E-02,-2.25E-01,5.88E-01
4.86,2.71E-02,-2.03E-03,-6.07E-02,-2.22E-01,5.87E-01
4.87,2.71E-02,-2.31E-03,-6.29E-02,-2.19E-01,5.86E-01
4.88,2.70E-02,-2.58E-03,-6.50E-02,-2.16E-01,5.86E-01
4.89,2.70E-02,-2.85E-03,-6.72E-02,-2.13E-01,5.85E-01
4.9,2.70E-02,-3.11E-03,-6.93E-02,-2.10E-01,5.84E-01
4.91,2.69E-02,-3.38E-03,-7.14E-02,-2.07E-01,5.82E-01
4.92,2.69E-02,-3.64E-03,-7.34E-02,-2.04E-01,5.81E-01
4.93,2.69E-02,-3.90E-03,-7.55E-02,-2.01E-01,5.80E-01
4.94,2.68E-02,-4.15E-03,-7.75E-02,-1.98E-01,5.79E-01
4.95,2.68E-02,-4.41E-03,-7.94E-02,-1.95E-01,5.78E-01
4.96,2.67E-02,-4.66E-03,-8.14E-02,-1.92E-01,5.76E-01
4.97,2.67E-02,-4.90E-03,-8.33E-02,-1.89E-01,5.75E-01
4.98,2.66E-02,-5.15E-03,-8.51E-02,-1.86E-01,5.73E-01
4.99,2.66E-02,-5.39E-03,-8.70E-02,-1.83E-01,5.72E-01
5,2.65E-02,-5.63E-03,-8.88E-02,-1.80E-01,5.70E-01
5.01,2.65E-02,-5.87E-03,-9.06E-02,-1.77E-01,5.69E-01
5.02,2.64E-02,-6.11E-03,-9.23E-02,-1.74E-01,5.67E-01
5.03,2.64E-02,-6.34E-03,-9.40E-02,-1.71E-01,5.65E-01
5.04,2.63E-02,-6.57E-03,-9.57E-02,-1.68E-01,5.64E-01
5.05,2.62E-02,-6.79E-03,-9.74E-02,-1.65E-01,5.62E-01
5.06,2.61E-02,-7.02E-03,-9.90E-02,-1.62E-01,5.60E-01
5.07,2.61E-02,-7.24E-03,-1.01E-01,-1.59E-01,5.58E-01
5.08,2.60E-02,-7.46E-03,-1.02E-01,-1.56E-01,5.56E-01
5.09,2.59E-02,-7.67E-03,-1.04E-01,-1.54E-01,5.54E-01
5.1,2.59E-02,-7.89E-03,-1.05E-01,-1.51E-01,5.52E-01
5.11,2.58E-02,-8.10E-03,-1.07E-01,-1.48E-01,5.50E-01
5.12,2.57E-02,-8.30E-03,-1.08E-01,-1.45E-01,5.48E-01
5.13,2.56E-02,-8.51E-03,-1.10E-01,-1.42E-01,5.46E-01
5.14,2.55E-02,-8.71E-03,-1.11E-01,-1.39E-01,5.44E-01
5.15,2.54E-02,-8.91E-03,-1.12E-01,-1.36E-01,5.42E-01
5.16,2.53E-02,-9.11E-03,-1.14E-01,-1.34E-01,5.39E-01
5.17,2.52E-02,-9.30E-03,-1.15E-01,-1.31E-01,5.37E-01
5.18,2.52E-02,-9.49E-03,-1.16E-01,-1.28E-01,5.35E-01
5.19,2.51E-02,-9.68E-03,-1.18E-01,-1.25E-01,5.32E-01
5.2,2.50E-02,-9.87E-03,-1.19E-01,-1.23E-01,5.30E-01
5.21,2.49E-02,-1.01E-02,-1.20E-01,-1.20E-01,5.28E-01
5.22,2.48E-02,-1.02E-02,-1.21E-01,-1.17E-01,5.25E-01
5.23,2.47E-02,-1.04E-02,-1.23E-01,-1.14E-01,5.23E-01
5.24,2.46E-02,-1.06E-02,-1.24E-01,-1.12E-01,5.20E-01
5.25,2.44E-02,-1.08E-02,-1.25E-01,-1.09E-01,5.17E-01
5.26,2.43E-02,-1.09E-02,-1.26E-01,-1.06E-01,5.15E-01
5.27,2.42E-02,-1.11E-02,-1.27E-01,-1.04E-01,5.12E-01
5.28,2.41E-02,-1.13E-02,-1.28E-01,-1.01E-01,5.09E-01
5.29,2.40E-02,-1.14E-02,-1.29E-01,-9.85E-02,5.07E-01
5.3,2.39E-02,-1.16E-02,-1.30E-01,-9.58E-02,5.04E-01
5.31,2.38E-02,-1.17E-02,-1.31E-01,-9.33E-02,5.01E-01
5.32,2.37E-02,-1.19E-02,-1.32E-01,-9.07E-02,4.98E-01
5.33,2.35E-02,-1.20E-02,-1.33E-01,-8.81E-02,4.96E-01
5.34,2.34E-02,-1.22E-02,-1.33E-01,-8.56E-02,4.93E-01
5.35,2.33E-02,-1.23E-02,-1.34E-01,-8.31E-02,4.90E-01
5.36,2.32E-02,-1.25E-02,-1.35E-01,-8.05E-02,4.87E-01
5.37,2.30E-02,-1.26E-02,-1.36E-01,-7.80E-02,4.84E-01
5.38,2.29E-02,-1.27E-02,-1.37E-01,-7.56E-02,4.81E-01
5.39,2.28E-02,-1.29E-02,-1.37E-01,-7.31E-02,4.78E-01
5.4,2.27E-02,-1.30E-02,-1.38E-01,-7.06E-02,4.75E-01
5.41,2.25E-02,-1.31E-02,-1.39E-01,-6.82E-02,4.72E-01
5.42,2.24E-02,-1.33E-02,-1.40E-01,-6.58E-02,4.69E-01
5.43,2.23E-02,-1.34E-02,-1.40E-01,-6.34E-02,4.66E-01
5.44,2.21E-02,-1.35E-02,-1.41E-01,-6.10E-02,4.62E-01
5.45,2.20E-02,-1.36E-02,-1.41E-01,-5.87E-02,4.59E-01
5.46,2.19E-02,-1.37E-02,-1.42E-01,-5.63E-02,4.56E-01
5.47,2.17E-02,-1.39E-02,-1.43E-01,-5.40E-02,4.53E-01
5.48,2.16E-02,-1.40E-02,-1.43E-01,-5.17E-02,4.50E-01
5.49,2.14E-02,-1.41E-02,-1.44E-01,-4.94E-02,4.47E-01
5.5,2.13E-02,-1.42E-02,-1.44E-01,-4.71E-02,4.43E-01
5.51,2.12E-02,-1.43E-02,-1.45E-01,-4.48E-02,4.40E-01
5.52,2.10E-02,-1.44E-02,-1.45E-01,-4.26E-02,4.37E-01
5.53,2.09E-02,-1.45E-02,-1.45E-01,-4.04E-02,4.33E-01
5.54,2.07E-02,-1.46E-02,-1.46E-01,-3.82E-02,4.30E-01
5.55,2.06E-02,-1.47E-02,-1.46E-01,-3.60E-02,4.27E-01
5.56,2.04E-02,-1.48E-02,-1.46E-01,-3.38E-02,4.23E-01
5.57,2.03E-02,-1.49E-02,-1.47E-01,-3.17E-02,4.20E-01
5.58,2.01E-02,-1.49E-02,-1.47E-01,-2.95E-02,4.17E-01
5.59,2.00E-02,-1.50E-02,-1.47E-01,-2.74E-02,4.13E-01
5.6,1.98E-02,-1.51E-02,-1.48E-01,-2.53E-02,4.10E-01
5.61,1.97E-02,-1.52E-02,-1.48E-01,-2.32E-02,4.06E-01
5.62,1.95E-02,-1.53E-02,-1.48E-01,-2.12E-02,4.03E-01
5.63,1.94E-02,-1.53E-02,-1.48E-01,-1.91E-02,3.99E-01
5.64,1.92E-02,-1.54E-02,-1.48E-01,-1.71E-02,3.96E-01
5.65,1.91E-02,-1.55E-02,-1.49E-01,-1.51E-02,3.92E-01
5.66,1.89E-02,-1.55E-02,-1.49E-01,-1.31E-02,3.89E-01
5.67,1.88E-02,-1.56E-02,-1.49E-01,-1.11E-02,3.85E-01
5.68,1.86E-02,-1.57E-02,-1.49E-01,-9.20E-03,3.82E-01
5.69,1.84E-02,-1.57E-02,-1.49E-01,-7.27E-03,3.78E-01
5.7,1.83E-02,-1.58E-02,-1.49E-01,-5.35E-03,3.75E-01
5.71,1.81E-02,-1.58E-02,-1.49E-01,-3.46E-03,3.71E-01
5.72,1.80E-02,-1.59E-02,-1.49E-01,-1.59E-03,3.68E-01
5.73,1.78E-02,-1.59E-02,-1.49E-01,2.67E-04,3.64E-01
5.74,1.76E-02,-1.60E-02,-1.49E-01,2.10E-03,3.61E-01
5.75,1.75E-02,-1.60E-02,-1.49E-01,3.92E-03,3.57E-01
5.76,1.73E-02,-1.61E-02,-1.49E-01,5.72E-03,3.53E-01
5.77,1.72E-02,-1.61E-02,-1.49E-01,7.50E-03,3.50E-01
5.78,1.70E-02,-1.61E-02,-1.49E-01,9.26E-03,3.46E-01
5.79,1.68E-02,-1.62E-02,-1.49E-01,1.10E-02,3.43E-01
5.8,1.67E-02,-1.62E-02,-1.49E-01,1.27E-02,3.39E-01
5.81,1.65E-02,-1.62E-02,-1.49E-01,1.44E-02,3.35E-01
5.82,1.64E-02,-1.63E-02,-1.48E-01,1.61E-02,3.32E-01
5.83,1.62E-02,-1.63E-02,-1.48E-01,1.78E-02,3.28E-01
5.84,1.60E-02,-1.63E-02,-1.48E-01,1.94E-02,3.25E-01
5.85,1.59E-02,-1.64E-02,-1.48E-01,2.10E-02,3.21E-01
5.86,1.57E-02,-1.64E-02,-1.48E-01,2.26E-02,3.17E-01
5.87,1.55E-02,-1.64E-02,-1.47E-01,2.42E-02,3.14E-01
5.88,1.54E-02,-1.64E-02,-1.47E-01,2.58E-02,3.10E-01
5.89,1.52E-02,-1.64E-02,-1.47E-01,2.73E-02,3.07E-01
5.9,1.50E-02,-1.64E-02,-1.47E-01,2.89E-02,3.03E-01
5.91,1.49E-02,-1.65E-02,-1.46E-01,3.04E-02,2.99E-01
5.92,1.47E-02,-1.65E-02,-1.46E-01,3.19E-02,2.96E-01
5.93,1.46E-02,-1.65E-02,-1.46E-01,3.34E-02,2.92E-01
5.94,1.44E-02,-1.65E-02,-1.45E-01,3.48E-02,2.88E-01
5.95,1.42E-02,-1.65E-02,-1.45E-01,3.62E-02,2.85E-01
5.96,1.41E-02,-1.65E-02,-1.45E-01,3.77E-02,2.81E-01
5.97,1.39E-02,-1.65E-02,-1.44E-01,3.91E-02,2.78E-01
5.98,1.37E-02,-1.65E-02,-1.44E-01,4.04E-02,2.74E-01
5.99,1.36E-02,-1.65E-02,-1.43E-01,4.18E-02,2.70E-01
6,1.34E-02,-1.65E-02,-1.43E-01,4.31E-02,2.67E-01
6.01,1.32E-02,-1.65E-02,-1.43E-01,4.45E-02,2.63E-01
6.02,1.31E-02,-1.64E-02,-1.42E-01,4.58E-02,2.60E-01
6.03,1.29E-02,-1.64E-02,-1.42E-01,4.70E-02,2.56E-01
6.04,1.27E-02,-1.64E-02,-1.41E-01,4.83E-02,2.52E-01
6.05,1.26E-02,-1.64E-02,-1.41E-01,4.95E-02,2.49E-01
6.06,1.24E-02,-1.64E-02,-1.40E-01,5.08E-02,2.45E-01
6.07,1.22E-02,-1.64E-02,-1.40E-01,5.20E-02,2.42E-01
6.08,1.21E-02,-1.63E-02,-1.39E-01,5.32E-02,2.38E-01
6.09,1.19E-02,-1.63E-02,-1.39E-01,5.43E-02,2.35E-01
6.1,1.18E-02,-1.63E-02,-1.38E-01,5.55E-02,2.31E-01
6.11,1.16E-02,-1.63E-02,-1.38E-01,5.66E-02,2.28E-01
6.12,1.14E-02,-1.62E-02,-1.37E-01,5.77E-02,2.24E-01
6.13,1.13E-02,-1.62E-02,-1.36E-01,5.88E-02,2.20E-01
6.14,1.11E-02,-1.62E-02,-1.36E-01,5.99E-02,2.17E-01
6.15,1.09E-02,-1.62E-02,-1.35E-01,6.10E-02,2.13E-01
6.16,1.08E-02,-1.61E-02,-1.35E-01,6.20E-02,2.10E-01
6.17,1.06E-02,-1.61E-02,-1.34E-01,6.30E-02,2.07E-01
6.18,1.05E-02,-1.61E-02,-1.33E-01,6.40E-02,2.03E-01
6.19,1.03E-02,-1.60E-02,-1.33E-01,6.50E-02,2.00E-01
6.2,1.01E-02,-1.60E-02,-1.32E-01,6.60E-02,1.96E-01
6.21,9.98E-03,-1.59E-02,-1.31E-01,6.70E-02,1.93E-01
6.22,9.82E-03,-1.59E-02,-1.31E-01,6.79E-02,1.89E-01
6.23,9.67E-03,-1.58E-02,-1.30E-01,6.88E-02,1.86E-01
6.24,9.51E-03,-1.58E-02,-1.29E-01,6.97E-02,1.82E-01
6.25,9.35E-03,-1.58E-02,-1.29E-01,7.06E-02,1.79E-01
6.26,9.19E-03,-1.57E-02,-1.28E-01,7.14E-02,1.76E-01
6.27,9.04E-03,-1.57E-02,-1.27E-01,7.23E-02,1.72E-01
6.28,8.88E-03,-1.56E-02,-1.26E-01,7.31E-02,1.69E-01
6.29,8.72E-03,-1.56E-02,-1.26E-01,7.39E-02,1.66E-01
6.3,8.57E-03,-1.55E-02,-1.25E-01,7.47E-02,1.62E-01
6.31,8.41E-03,-1.54E-02,-1.24E-01,7.55E-02,1.59E-01
6.32,8.26E-03,-1.54E-02,-1.23E-01,7.63E-02,1.56E-01
6.33,8.11E-03,-1.53E-02,-1.23E-01,7.70E-02,1.52E-01
6.34,7.95E-03,-1.53E-02,-1.22E-01,7.77E-02,1.49E-01
6.35,7.80E-03,-1.52E-02,-1.21E-01,7.84E-02,1.46E-01
6.36,7.65E-03,-1.52E-02,-1.20E-01,7.91E-02,1.43E-01
6.37,7.50E-03,-1.51E-02,-1.20E-01,7.98E-02,1.39E-01
6.38,7.35E-03,-1.50E-02,-1.19E-01,8.05E-02,1.36E-01
6.39,7.20E-03,-1.50E-02,-1.18E-01,8.11E-02,1.33E-01
6.4,7.05E-03,-1.49E-02,-1.17E-01,8.17E-02,1.30E-01
6.41,6.90E-03,-1.48E-02,-1.16E-01,8.23E-02,1.27E-01
6.42,6.75E-03,-1.48E-02,-1.15E-01,8.29E-02,1.24E-01
6.43,6.60E-03,-1.47E-02,-1.15E-01,8.35E-02,1.20E-01
6.44,6.46E-03,-1.46E-02,-1.14E-01,8.41E-02,1.17E-01
6.45,6.31E-03,-1.46E-02,-1.13E-01,8.46E-02,1.14E-01
6.46,6.17E-03,-1.45E-02,-1.12E-01,8.51E-02,1.11E-01
6.47,6.02E-03,-1.44E-02,-1.11E-01,8.56E-02,1.08E-01
6.48,5.88E-03,-1.43E-02,-1.10E-01,8.61E-02,1.05E-01
6.49,5.73E-03,-1.43E-02,-1.10E-01,8.66E-02,1.02E-01
6.5,5.59E-03,-1.42E-02,-1.09E-01,8.71E-02,9.91E-02
6.51,5.45E-03,-1.41E-02,-1.08E-01,8.75E-02,9.61E-02
6.52,5.31E-03,-1.40E-02,-1.07E-01,8.80E-02,9.32E-02
6.53,5.17E-03,-1.40E-02,-1.06E-01,8.84E-02,9.02E-02
6.54,5.03E-03,-1.39E-02,-1.05E-01,8.88E-02,8.73E-02
6.55,4.89E-03,-1.38E-02,-1.04E-01,8.92E-02,8.44E-02
6.56,4.76E-03,-1.37E-02,-1.03E-01,8.96E-02,8.15E-02
6.57,4.62E-03,-1.36E-02,-1.02E-01,8.99E-02,7.86E-02
6.58,4.48E-03,-1.35E-02,-1.02E-01,9.03E-02,7.58E-02
6.59,4.35E-03,-1.35E-02,-1.01E-01,9.06E-02,7.30E-02
6.6,4.21E-03,-1.34E-02,-9.98E-02,9.09E-02,7.01E-02
6.61,4.08E-03,-1.33E-02,-9.89E-02,9.12E-02,6.73E-02
6.62,3.95E-03,-1.32E-02,-9.80E-02,9.15E-02,6.46E-02
6.63,3.82E-03,-1.31E-02,-9.70E-02,9.18E-02,6.18E-02
6.64,3.69E-03,-1.30E-02,-9.61E-02,9.20E-02,5.91E-02
6.65,3.56E-03,-1.29E-02,-9.52E-02,9.23E-02,5.64E-02
6.66,3.43E-03,-1.29E-02,-9.43E-02,9.25E-02,5.37E-02
6.67,3.30E-03,-1.28E-02,-9.33E-02,9.27E-02,5.10E-02
6.68,3.17E-03,-1.27E-02,-9.24E-02,9.29E-02,4.84E-02
6.69,3.04E-03,-1.26E-02,-9.15E-02,9.31E-02,4.58E-02
6.7,2.92E-03,-1.25E-02,-9.06E-02,9.33E-02,4.31E-02
6.71,2.80E-03,-1.24E-02,-8.96E-02,9.35E-02,4.06E-02
6.72,2.67E-03,-1.23E-02,-8.87E-02,9.36E-02,3.80E-02
6.73,2.55E-03,-1.22E-02,-8.78E-02,9.37E-02,3.55E-02
6.74,2.43E-03,-1.21E-02,-8.68E-02,9.39E-02,3.29E-02
6.75,2.31E-03,-1.20E-02,-8.59E-02,9.40E-02,3.04E-02
6.76,2.19E-03,-1.19E-02,-8.49E-02,9.41E-02,2.79E-02
6.77,2.07E-03,-1.18E-02,-8.40E-02,9.42E-02,2.55E-02
6.78,1.95E-03,-1.17E-02,-8.31E-02,9.42E-02,2.31E-02
6.79,1.83E-03,-1.16E-02,-8.21E-02,9.43E-02,2.06E-02
6.8,1.72E-03,-1.16E-02,-8.12E-02,9.43E-02,1.82E-02
6.81,1.60E-03,-1.15E-02,-8.02E-02,9.44E-02,1.59E-02
6.82,1.49E-03,-1.14E-02,-7.93E-02,9.44E-02,1.35E-02
6.83,1.37E-03,-1.13E-02,-7.83E-02,9.44E-02,1.12E-02
6.84,1.26E-03,-1.12E-02,-7.74E-02,9.44E-02,8.90E-03
6.85,1.15E-03,-1.11E-02,-7.64E-02,9.44E-02,6.62E-03
6.86,1.04E-03,-1.10E-02,-7.55E-02,9.44E-02,4.36E-03
6.87,9.32E-04,-1.09E-02,-7.46E-02,9.44E-02,2.12E-03
6.88,8.24E-04,-1.08E-02,-7.36E-02,9.43E-02,-9.54E-05
6.89,7.17E-04,-1.07E-02,-7.27E-02,9.43E-02,-2.29E-03
6.9,6.11E-04,-1.06E-02,-7.17E-02,9.42E-02,-4.46E-03
6.91,5.05E-04,-1.05E-02,-7.08E-02,9.41E-02,-6.61E-03
6.92,4.01E-04,-1.04E-02,-6.98E-02,9.40E-02,-8.73E-03
6.93,2.98E-04,-1.03E-02,-6.89E-02,9.39E-02,-1.08E-02
6.94,1.96E-04,-1.02E-02,-6.80E-02,9.38E-02,-1.29E-02
6.95,9.47E-05,-1.01E-02,-6.70E-02,9.37E-02,-1.50E-02
6.96,-5.45E-06,-9.96E-03,-6.61E-02,9.36E-02,-1.70E-02
6.97,-1.05E-04,-9.86E-03,-6.52E-02,9.34E-02,-1.90E-02
6.98,-2.03E-04,-9.76E-03,-6.42E-02,9.33E-02,-2.10E-02
6.99,-3.00E-04,-9.66E-03,-6.33E-02,9.31E-02,-2.30E-02
7,-3.96E-04,-9.56E-03,-6.24E-02,9.29E-02,-2.49E-02
7.01,-4.91E-04,-9.45E-03,-6.14E-02,9.28E-02,-2.68E-02
7.02,-5.85E-04,-9.35E-03,-6.05E-02,9.26E-02,-2.87E-02
7.03,-6.78E-04,-9.25E-03,-5.96E-02,9.24E-02,-3.06E-02
7.04,-7.70E-04,-9.15E-03,-5.87E-02,9.22E-02,-3.25E-02
7.05,-8.61E-04,-9.04E-03,-5.77E-02,9.19E-02,-3.43E-02
7.06,-9.51E-04,-8.94E-03,-5.68E-02,9.17E-02,-3.61E-02
7.07,-1.04E-03,-8.84E-03,-5.59E-02,9.15E-02,-3.79E-02
7.08,-1.13E-03,-8.74E-03,-5.50E-02,9.12E-02,-3.97E-02
7.09,-1.21E-03,-8.63E-03,-5.41E-02,9.10E-02,-4.14E-02
7.1,-1.30E-03,-8.53E-03,-5.32E-02,9.07E-02,-4.31E-02
7.11,-1.39E-03,-8.43E-03,-5.23E-02,9.04E-02,-4.48E-02
7.12,-1.47E-03,-8.33E-03,-5.14E-02,9.02E-02,-4.65E-02
7.13,-1.55E-03,-8.22E-03,-5.05E-02,8.99E-02,-4.81E-02
7.14,-1.63E-03,-8.12E-03,-4.96E-02,8.96E-02,-4.98E-02
7.15,-1.71E-03,-8.02E-03,-4.87E-02,8.93E-02,-5.14E-02
7.16,-1.79E-03,-7.92E-03,-4.78E-02,8.90E-02,-5.30E-02
7.17,-1.87E-03,-7.81E-03,-4.69E-02,8.86E-02,-5.45E-02
7.18,-1.95E-03,-7.71E-03,-4.60E-02,8.83E-02,-5.61E-02
7.19,-2.03E-03,-7.61E-03,-4.51E-02,8.80E-02,-5.76E-02
7.2,-2.10E-03,-7.51E-03,-4.43E-02,8.76E-02,-5.91E-02
7.21,-2.18E-03,-7.40E-03,-4.34E-02,8.73E-02,-6.05E-02
7.22,-2.25E-03,-7.30E-03,-4.25E-02,8.69E-02,-6.20E-02
7.23,-2.32E-03,-7.20E-03,-4.16E-02,8.66E-02,-6.34E-02
7.24,-2.39E-03,-7.10E-03,-4.08E-02,8.62E-02,-6.48E-02
7.25,-2.46E-03,-7.00E-03,-3.99E-02,8.58E-02,-6.62E-02
7.26,-2.53E-03,-6.90E-03,-3.91E-02,8.54E-02,-6.76E-02
7.27,-2.60E-03,-6.79E-03,-3.82E-02,8.50E-02,-6.89E-02
7.28,-2.67E-03,-6.69E-03,-3.74E-02,8.46E-02,-7.02E-02
7.29,-2.74E-03,-6.59E-03,-3.65E-02,8.42E-02,-7.15E-02
7.3,-2.80E-03,-6.49E-03,-3.57E-02,8.38E-02,-7.28E-02
7.31,-2.87E-03,-6.39E-03,-3.48E-02,8.34E-02,-7.40E-02
7.32,-2.93E-03,-6.29E-03,-3.40E-02,8.30E-02,-7.53E-02
7.33,-2.99E-03,-6.19E-03,-3.32E-02,8.26E-02,-7.65E-02
7.34,-3.05E-03,-6.09E-03,-3.24E-02,8.21E-02,-7.77E-02
7.35,-3.11E-03,-5.99E-03,-3.15E-02,8.17E-02,-7.88E-02
7.36,-3.17E-03,-5.89E-03,-3.07E-02,8.12E-02,-8.00E-02
7.37,-3.23E-03,-5.79E-03,-2.99E-02,8.08E-02,-8.11E-02
7.38,-3.29E-03,-5.69E-03,-2.91E-02,8.03E-02,-8.22E-02
7.39,-3.35E-03,-5.60E-03,-2.83E-02,7.99E-02,-8.33E-02
7.4,-3.40E-03,-5.50E-03,-2.75E-02,7.94E-02,-8.43E-02
7.41,-3.46E-03,-5.40E-03,-2.67E-02,7.89E-02,-8.54E-02
7.42,-3.51E-03,-5.30E-03,-2.59E-02,7.84E-02,-8.64E-02
7.43,-3.56E-03,-5.21E-03,-2.51E-02,7.80E-02,-8.74E-02
7.44,-3.61E-03,-5.11E-03,-2.44E-02,7.75E-02,-8.84E-02
7.45,-3.66E-03,-5.01E-03,-2.36E-02,7.70E-02,-8.93E-02
7.46,-3.71E-03,-4.92E-03,-2.28E-02,7.65E-02,-9.02E-02
7.47,-3.76E-03,-4.82E-03,-2.21E-02,7.60E-02,-9.12E-02
7.48,-3.81E-03,-4.73E-03,-2.13E-02,7.55E-02,-9.20E-02
7.49,-3.86E-03,-4.63E-03,-2.06E-02,7.50E-02,-9.29E-02
7.5,-3.90E-03,-4.54E-03,-1.98E-02,7.44E-02,-9.38E-02
7.51,-3.95E-03,-4.44E-03,-1.91E-02,7.39E-02,-9.46E-02
7.52,-3.99E-03,-4.35E-03,-1.83E-02,7.34E-02,-9.54E-02
7.53,-4.03E-03,-4.26E-03,-1.76E-02,7.29E-02,-9.62E-02
7.54,-4.08E-03,-4.16E-03,-1.69E-02,7.24E-02,-9.70E-02
7.55,-4.12E-03,-4.07E-03,-1.62E-02,7.18E-02,-9.77E-02
7.56,-4.16E-03,-3.98E-03,-1.54E-02,7.13E-02,-9.85E-02
7.57,-4.20E-03,-3.89E-03,-1.47E-02,7.07E-02,-9.92E-02
7.58,-4.24E-03,-3.80E-03,-1.40E-02,7.02E-02,-9.99E-02
7.59,-4.27E-03,-3.70E-03,-1.33E-02,6.97E-02,-1.01E-01
7.6,-4.31E-03,-3.61E-03,-1.26E-02,6.91E-02,-1.01E-01
7.61,-4.35E-03,-3.52E-03,-1.19E-02,6.86E-02,-1.02E-01
7.62,-4.38E-03,-3.44E-03,-1.13E-02,6.80E-02,-1.02E-01
7.63,-4.41E-03,-3.35E-03,-1.06E-02,6.74E-02,-1.03E-01
7.64,-4.45E-03,-3.26E-03,-9.91E-03,6.69E-02,-1.04E-01
7.65,-4.48E-03,-3.17E-03,-9.25E-03,6.63E-02,-1.04E-01
7.66,-4.51E-03,-3.08E-03,-8.59E-03,6.57E-02,-1.05E-01
7.67,-4.54E-03,-3.00E-03,-7.93E-03,6.52E-02,-1.05E-01
7.68,-4.57E-03,-2.91E-03,-7.28E-03,6.46E-02,-1.06E-01
7.69,-4.60E-03,-2.82E-03,-6.64E-03,6.40E-02,-1.06E-01
7.7,-4.63E-03,-2.74E-03,-6.00E-03,6.35E-02,-1.07E-01
7.71,-4.65E-03,-2.65E-03,-5.37E-03,6.29E-02,-1.07E-01
7.72,-4.68E-03,-2.57E-03,-4.74E-03,6.23E-02,-1.08E-01
7.73,-4.71E-03,-2.49E-03,-4.12E-03,6.17E-02,-1.08E-01
7.74,-4.73E-03,-2.40E-03,-3.51E-03,6.11E-02,-1.08E-01
7.75,-4.75E-03,-2.32E-03,-2.90E-03,6.06E-02,-1.09E-01
7.76,-4.78E-03,-2.24E-03,-2.30E-03,6.00E-02,-1.09E-01
7.77,-4.80E-03,-2.16E-03,-1.70E-03,5.94E-02,-1.10E-01
7.78,-4.82E-03,-2.07E-03,-1.11E-03,5.88E-02,-1.10E-01
7.79,-4.84E-03,-1.99E-03,-5.27E-04,5.82E-02,-1.10E-01
7.8,-4.86E-03,-1.91E-03,5.24E-05,5.76E-02,-1.10E-01
7.81,-4.88E-03,-1.83E-03,6.26E-04,5.70E-02,-1.11E-01
7.82,-4.90E-03,-1.76E-03,1.19E-03,5.64E-02,-1.11E-01
7.83,-4.91E-03,-1.68E-03,1.75E-03,5.58E-02,-1.11E-01
7.84,-4.93E-03,-1.60E-03,2.31E-03,5.52E-02,-1.11E-01
7.85,-4.95E-03,-1.52E-03,2.86E-03,5.46E-02,-1.12E-01
7.86,-4.96E-03,-1.45E-03,3.40E-03,5.40E-02,-1.12E-01
7.87,-4.97E-03,-1.37E-03,3.94E-03,5.34E-02,-1.12E-01
7.88,-4.99E-03,-1.30E-03,4.47E-03,5.28E-02,-1.12E-01
7.89,-5.00E-03,-1.22E-03,5.00E-03,5.22E-02,-1.12E-01
7.9,-5.01E-03,-1.15E-03,5.52E-03,5.16E-02,-1.13E-01
7.91,-5.02E-03,-1.07E-03,6.03E-03,5.10E-02,-1.13E-01
7.92,-5.03E-03,-1.00E-03,6.54E-03,5.04E-02,-1.13E-01
7.93,-5.04E-03,-9.28E-04,7.04E-03,4.98E-02,-1.13E-01
7.94,-5.05E-03,-8.56E-04,7.53E-03,4.92E-02,-1.13E-01
7.95,-5.06E-03,-7.85E-04,8.02E-03,4.86E-02,-1.13E-01
7.96,-5.07E-03,-7.15E-04,8.51E-03,4.80E-02,-1.13E-01
7.97,-5.07E-03,-6.45E-04,8.98E-03,4.74E-02,-1.13E-01
7.98,-5.08E-03,-5.75E-04,9.46E-03,4.68E-02,-1.13E-01
7.99,-5.09E-03,-5.07E-04,9.92E-03,4.62E-02,-1.13E-01
8,-5.09E-03,-4.39E-04,1.04E-02,4.56E-02,-1.13E-01
8.01,-5.09E-03,-3.72E-04,1.08E-02,4.50E-02,-1.13E-01
8.02,-5.10E-03,-3.05E-04,1.13E-02,4.44E-02,-1.13E-01
8.03,-5.10E-03,-2.39E-04,1.17E-02,4.38E-02,-1.13E-01
8.04,-5.10E-03,-1.73E-04,1.22E-02,4.33E-02,-1.13E-01
8.05,-5.10E-03,-1.08E-04,1.26E-02,4.27E-02,-1.13E-01
8.06,-5.10E-03,-4.43E-05,1.30E-02,4.21E-02,-1.13E-01
8.07,-5.11E-03,1.92E-05,1.34E-02,4.15E-02,-1.13E-01
8.08,-5.10E-03,8.21E-05,1.38E-02,4.09E-02,-1.13E-01
8.09,-5.10E-03,1.44E-04,1.42E-02,4.03E-02,-1.12E-01
8.1,-5.10E-03,2.06E-04,1.46E-02,3.97E-02,-1.12E-01
8.11,-5.10E-03,2.67E-04,1.50E-02,3.91E-02,-1.12E-01
8.12,-5.10E-03,3.27E-04,1.54E-02,3.85E-02,-1.12E-01
8.13,-5.09E-03,3.87E-04,1.58E-02,3.79E-02,-1.12E-01
8.14,-5.09E-03,4.46E-04,1.62E-02,3.73E-02,-1.12E-01
8.15,-5.08E-03,5.04E-04,1.66E-02,3.67E-02,-1.11E-01
8.16,-5.08E-03,5.62E-04,1.69E-02,3.62E-02,-1.11E-01
8.17,-5.07E-03,6.19E-04,1.73E-02,3.56E-02,-1.11E-01
8.18,-5.07E-03,6.76E-04,1.76E-02,3.50E-02,-1.11E-01
8.19,-5.06E-03,7.32E-04,1.80E-02,3.44E-02,-1.10E-01
8.2,-5.05E-03,7.87E-04,1.83E-02,3.38E-02,-1.10E-01
8.21,-5.04E-03,8.41E-04,1.87E-02,3.32E-02,-1.10E-01
8.22,-5.03E-03,8.95E-04,1.90E-02,3.27E-02,-1.10E-01
8.23,-5.03E-03,9.48E-04,1.93E-02,3.21E-02,-1.09E-01
8.24,-5.02E-03,1.00E-03,1.96E-02,3.15E-02,-1.09E-01
8.25,-5.01E-03,1.05E-03,1.99E-02,3.10E-02,-1.09E-01
8.26,-4.99E-03,1.10E-03,2.02E-02,3.04E-02,-1.08E-01
8.27,-4.98E-03,1.15E-03,2.05E-02,2.98E-02,-1.08E-01
8.28,-4.97E-03,1.20E-03,2.08E-02,2.93E-02,-1.08E-01
8.29,-4.96E-03,1.25E-03,2.11E-02,2.87E-02,-1.07E-01
8.3,-4.95E-03,1.30E-03,2.14E-02,2.81E-02,-1.07E-01
8.31,-4.93E-03,1.35E-03,2.17E-02,2.76E-02,-1.07E-01
8.32,-4.92E-03,1.40E-03,2.20E-02,2.70E-02,-1.06E-01
8.33,-4.91E-03,1.44E-03,2.22E-02,2.65E-02,-1.06E-01
8.34,-4.89E-03,1.49E-03,2.25E-02,2.59E-02,-1.05E-01
8.35,-4.88E-03,1.54E-03,2.28E-02,2.54E-02,-1.05E-01
8.36,-4.86E-03,1.58E-03,2.30E-02,2.48E-02,-1.05E-01
8.37,-4.84E-03,1.63E-03,2.33E-02,2.43E-02,-1.04E-01
8.38,-4.83E-03,1.67E-03,2.35E-02,2.37E-02,-1.04E-01
8.39,-4.81E-03,1.71E-03,2.37E-02,2.32E-02,-1.03E-01
8.4,-4.79E-03,1.75E-03,2.40E-02,2.27E-02,-1.03E-01
8.41,-4.78E-03,1.80E-03,2.42E-02,2.21E-02,-1.02E-01
8.42,-4.76E-03,1.84E-03,2.44E-02,2.16E-02,-1.02E-01
8.43,-4.74E-03,1.88E-03,2.46E-02,2.11E-02,-1.01E-01
8.44,-4.72E-03,1.92E-03,2.48E-02,2.05E-02,-1.01E-01
8.45,-4.70E-03,1.96E-03,2.50E-02,2.00E-02,-1.00E-01
8.46,-4.68E-03,1.99E-03,2.52E-02,1.95E-02,-1.00E-01
8.47,-4.66E-03,2.03E-03,2.54E-02,1.90E-02,-9.95E-02
8.48,-4.64E-03,2.07E-03,2.56E-02,1.85E-02,-9.89E-02
8.49,-4.62E-03,2.10E-03,2.58E-02,1.80E-02,-9.84E-02
8.5,-4.60E-03,2.14E-03,2.60E-02,1.74E-02,-9.79E-02
8.51,-4.58E-03,2.18E-03,2.61E-02,1.69E-02,-9.74E-02
8.52,-4.55E-03,2.21E-03,2.63E-02,1.64E-02,-9.68E-02
8.53,-4.53E-03,2.24E-03,2.65E-02,1.59E-02,-9.63E-02
8.54,-4.51E-03,2.28E-03,2.66E-02,1.54E-02,-9.57E-02
8.55,-4.49E-03,2.31E-03,2.68E-02,1.49E-02,-9.51E-02
8.56,-4.46E-03,2.34E-03,2.69E-02,1.45E-02,-9.46E-02
8.57,-4.44E-03,2.37E-03,2.71E-02,1.40E-02,-9.40E-02
8.58,-4.42E-03,2.41E-03,2.72E-02,1.35E-02,-9.34E-02
8.59,-4.39E-03,2.44E-03,2.73E-02,1.30E-02,-9.28E-02
8.6,-4.37E-03,2.47E-03,2.75E-02,1.25E-02,-9.22E-02
8.61,-4.34E-03,2.49E-03,2.76E-02,1.21E-02,-9.17E-02
8.62,-4.32E-03,2.52E-03,2.77E-02,1.16E-02,-9.11E-02
8.63,-4.29E-03,2.55E-03,2.78E-02,1.11E-02,-9.04E-02
8.64,-4.27E-03,2.58E-03,2.79E-02,1.06E-02,-8.98E-02
8.65,-4.24E-03,2.61E-03,2.80E-02,1.02E-02,-8.92E-02
8.66,-4.21E-03,2.63E-03,2.81E-02,9.73E-03,-8.86E-02
8.67,-4.19E-03,2.66E-03,2.82E-02,9.28E-03,-8.80E-02
8.68,-4.16E-03,2.68E-03,2.83E-02,8.83E-03,-8.73E-02
8.69,-4.13E-03,2.71E-03,2.84E-02,8.38E-03,-8.67E-02
8.7,-4.11E-03,2.73E-03,2.85E-02,7.94E-03,-8.61E-02
8.71,-4.08E-03,2.75E-03,2.86E-02,7.50E-03,-8.54E-02
8.72,-4.05E-03,2.78E-03,2.86E-02,7.06E-03,-8.48E-02
8.73,-4.02E-03,2.80E-03,2.87E-02,6.62E-03,-8.41E-02
8.74,-4.00E-03,2.82E-03,2.88E-02,6.20E-03,-8.35E-02
8.75,-3.97E-03,2.84E-03,2.88E-02,5.77E-03,-8.28E-02
8.76,-3.94E-03,2.86E-03,2.89E-02,5.35E-03,-8.21E-02
8.77,-3.91E-03,2.88E-03,2.89E-02,4.93E-03,-8.15E-02
8.78,-3.88E-03,2.90E-03,2.90E-02,4.51E-03,-8.08E-02
8.79,-3.85E-03,2.92E-03,2.90E-02,4.10E-03,-8.01E-02
8.8,-3.82E-03,2.94E-03,2.91E-02,3.69E-03,-7.94E-02
8.81,-3.79E-03,2.96E-03,2.91E-02,3.29E-03,-7.88E-02
8.82,-3.76E-03,2.97E-03,2.91E-02,2.89E-03,-7.81E-02
8.83,-3.73E-03,2.99E-03,2.91E-02,2.49E-03,-7.74E-02
8.84,-3.70E-03,3.01E-03,2.92E-02,2.10E-03,-7.67E-02
8.85,-3.67E-03,3.02E-03,2.92E-02,1.71E-03,-7.60E-02
8.86,-3.64E-03,3.04E-03,2.92E-02,1.32E-03,-7.53E-02
8.87,-3.61E-03,3.05E-03,2.92E-02,9.40E-04,-7.46E-02
8.88,-3.58E-03,3.06E-03,2.92E-02,5.61E-04,-7.39E-02
8.89,-3.55E-03,3.08E-03,2.92E-02,1.87E-04,-7.32E-02
8.9,-3.52E-03,3.09E-03,2.92E-02,-1.84E-04,-7.25E-02
8.91,-3.49E-03,3.10E-03,2.92E-02,-5.51E-04,-7.18E-02
8.92,-3.46E-03,3.11E-03,2.92E-02,-9.15E-04,-7.11E-02
8.93,-3.43E-03,3.13E-03,2.92E-02,-1.27E-03,-7.04E-02
8.94,-3.40E-03,3.14E-03,2.92E-02,-1.63E-03,-6.97E-02
8.95,-3.37E-03,3.15E-03,2.92E-02,-1.98E-03,-6.90E-02
8.96,-3.33E-03,3.16E-03,2.91E-02,-2.33E-03,-6.83E-02
8.97,-3.30E-03,3.17E-03,2.91E-02,-2.67E-03,-6.76E-02
8.98,-3.27E-03,3.18E-03,2.91E-02,-3.01E-03,-6.69E-02
8.99,-3.24E-03,3.18E-03,2.91E-02,-3.35E-03,-6.61E-02
9,-3.21E-03,3.19E-03,2.90E-02,-3.68E-03,-6.54E-02
9.01,-3.17E-03,3.20E-03,2.90E-02,-4.01E-03,-6.47E-02
9.02,-3.14E-03,3.21E-03,2.89E-02,-4.34E-03,-6.40E-02
9.03,-3.11E-03,3.21E-03,2.89E-02,-4.66E-03,-6.33E-02
9.04,-3.08E-03,3.22E-03,2.89E-02,-4.98E-03,-6.25E-02
9.05,-3.05E-03,3.22E-03,2.88E-02,-5.29E-03,-6.18E-02
9.06,-3.01E-03,3.23E-03,2.87E-02,-5.60E-03,-6.11E-02
9.07,-2.98E-03,3.23E-03,2.87E-02,-5.91E-03,-6.04E-02
9.08,-2.95E-03,3.24E-03,2.86E-02,-6.21E-03,-5.97E-02
9.09,-2.92E-03,3.24E-03,2.86E-02,-6.51E-03,-5.89E-02
9.1,-2.88E-03,3.25E-03,2.85E-02,-6.80E-03,-5.82E-02
9.11,-2.85E-03,3.25E-03,2.84E-02,-7.09E-03,-5.75E-02
9.12,-2.82E-03,3.25E-03,2.84E-02,-7.38E-03,-5.68E-02
9.13,-2.79E-03,3.25E-03,2.83E-02,-7.66E-03,-5.60E-02
9.14,-2.75E-03,3.26E-03,2.82E-02,-7.94E-03,-5.53E-02
9.15,-2.72E-03,3.26E-03,2.81E-02,-8.22E-03,-5.46E-02
9.16,-2.69E-03,3.26E-03,2.80E-02,-8.49E-03,-5.39E-02
9.17,-2.66E-03,3.26E-03,2.80E-02,-8.76E-03,-5.32E-02
9.18,-2.62E-03,3.26E-03,2.79E-02,-9.02E-03,-5.24E-02
9.19,-2.59E-03,3.26E-03,2.78E-02,-9.28E-03,-5.17E-02
9.2,-2.56E-03,3.26E-03,2.77E-02,-9.54E-03,-5.10E-02
9.21,-2.53E-03,3.26E-03,2.76E-02,-9.79E-03,-5.03E-02
9.22,-2.49E-03,3.25E-03,2.75E-02,-1.00E-02,-4.96E-02
9.23,-2.46E-03,3.25E-03,2.74E-02,-1.03E-02,-4.89E-02
9.24,-2.43E-03,3.25E-03,2.73E-02,-1.05E-02,-4.82E-02
9.25,-2.40E-03,3.25E-03,2.72E-02,-1.08E-02,-4.74E-02
9.26,-2.36E-03,3.24E-03,2.71E-02,-1.10E-02,-4.67E-02
9.27,-2.33E-03,3.24E-03,2.70E-02,-1.12E-02,-4.60E-02
9.28,-2.30E-03,3.24E-03,2.68E-02,-1.15E-02,-4.53E-02
9.29,-2.27E-03,3.23E-03,2.67E-02,-1.17E-02,-4.46E-02
9.3,-2.23E-03,3.23E-03,2.66E-02,-1.19E-02,-4.39E-02
9.31,-2.20E-03,3.22E-03,2.65E-02,-1.21E-02,-4.32E-02
9.32,-2.17E-03,3.22E-03,2.64E-02,-1.23E-02,-4.25E-02
9.33,-2.14E-03,3.21E-03,2.62E-02,-1.25E-02,-4.18E-02
9.34,-2.11E-03,3.21E-03,2.61E-02,-1.27E-02,-4.11E-02
9.35,-2.07E-03,3.20E-03,2.60E-02,-1.29E-02,-4.04E-02
9.36,-2.04E-03,3.19E-03,2.59E-02,-1.31E-02,-3.97E-02
9.37,-2.01E-03,3.19E-03,2.57E-02,-1.33E-02,-3.90E-02
9.38,-1.98E-03,3.18E-03,2.56E-02,-1.35E-02,-3.83E-02
9.39,-1.95E-03,3.17E-03,2.55E-02,-1.37E-02,-3.76E-02
9.4,-1.91E-03,3.16E-03,2.53E-02,-1.39E-02,-3.69E-02
9.41,-1.88E-03,3.16E-03,2.52E-02,-1.41E-02,-3.63E-02
9.42,-1.85E-03,3.15E-03,2.50E-02,-1.42E-02,-3.56E-02
9.43,-1.82E-03,3.14E-03,2.49E-02,-1.44E-02,-3.49E-02
9.44,-1.79E-03,3.13E-03,2.47E-02,-1.46E-02,-3.42E-02
9.45,-1.76E-03,3.12E-03,2.46E-02,-1.47E-02,-3.36E-02
9.46,-1.73E-03,3.11E-03,2.44E-02,-1.49E-02,-3.29E-02
9.47,-1.70E-03,3.10E-03,2.43E-02,-1.51E-02,-3.22E-02
9.48,-1.66E-03,3.09E-03,2.41E-02,-1.52E-02,-3.15E-02
9.49,-1.63E-03,3.08E-03,2.40E-02,-1.54E-02,-3.09E-02
9.5,-1.60E-03,3.07E-03,2.38E-02,-1.55E-02,-3.02E-02
9.51,-1.57E-03,3.06E-03,2.37E-02,-1.57E-02,-2.96E-02
9.52,-1.54E-03,3.05E-03,2.35E-02,-1.58E-02,-2.89E-02
9.53,-1.51E-03,3.03E-03,2.34E-02,-1.59E-02,-2.83E-02
9.54,-1.48E-03,3.02E-03,2.32E-02,-1.61E-02,-2.76E-02
9.55,-1.45E-03,3.01E-03,2.30E-02,-1.62E-02,-2.70E-02
9.56,-1.42E-03,3.00E-03,2.29E-02,-1.63E-02,-2.63E-02
9.57,-1.39E-03,2.98E-03,2.27E-02,-1.65E-02,-2.57E-02
9.58,-1.36E-03,2.97E-03,2.26E-02,-1.66E-02,-2.50E-02
9.59,-1.33E-03,2.96E-03,2.24E-02,-1.67E-02,-2.44E-02
9.6,-1.30E-03,2.94E-03,2.22E-02,-1.68E-02,-2.38E-02
9.61,-1.27E-03,2.93E-03,2.21E-02,-1.69E-02,-2.32E-02
9.62,-1.24E-03,2.92E-03,2.19E-02,-1.70E-02,-2.25E-02
9.63,-1.21E-03,2.90E-03,2.17E-02,-1.71E-02,-2.19E-02
9.64,-1.19E-03,2.89E-03,2.15E-02,-1.72E-02,-2.13E-02
9.65,-1.16E-03,2.87E-03,2.14E-02,-1.73E-02,-2.07E-02
9.66,-1.13E-03,2.86E-03,2.12E-02,-1.74E-02,-2.01E-02
9.67,-1.10E-03,2.85E-03,2.10E-02,-1.75E-02,-1.95E-02
9.68,-1.07E-03,2.83E-03,2.08E-02,-1.76E-02,-1.89E-02
9.69,-1.04E-03,2.81E-03,2.07E-02,-1.77E-02,-1.83E-02
9.7,-1.01E-03,2.80E-03,2.05E-02,-1.78E-02,-1.77E-02
9.71,-9.87E-04,2.78E-03,2.03E-02,-1.78E-02,-1.71E-02
9.72,-9.59E-04,2.77E-03,2.01E-02,-1.79E-02,-1.65E-02
9.73,-9.31E-04,2.75E-03,2.00E-02,-1.80E-02,-1.59E-02
9.74,-9.04E-04,2.74E-03,1.98E-02,-1.81E-02,-1.54E-02
9.75,-8.76E-04,2.72E-03,1.96E-02,-1.81E-02,-1.48E-02
9.76,-8.49E-04,2.70E-03,1.94E-02,-1.82E-02,-1.42E-02
9.77,-8.22E-04,2.69E-03,1.92E-02,-1.83E-02,-1.36E-02
9.78,-7.96E-04,2.67E-03,1.90E-02,-1.83E-02,-1.31E-02
9.79,-7.69E-04,2.65E-03,1.89E-02,-1.84E-02,-1.25E-02
9.8,-7.43E-04,2.63E-03,1.87E-02,-1.84E-02,-1.20E-02
9.81,-7.16E-04,2.62E-03,1.85E-02,-1.85E-02,-1.14E-02
9.82,-6.90E-04,2.60E-03,1.83E-02,-1.85E-02,-1.09E-02
9.83,-6.64E-04,2.58E-03,1.81E-02,-1.86E-02,-1.03E-02
9.84,-6.39E-04,2.56E-03,1.79E-02,-1.86E-02,-9.79E-03
9.85,-6.13E-04,2.55E-03,1.78E-02,-1.86E-02,-9.25E-03
9.86,-5.88E-04,2.53E-03,1.76E-02,-1.87E-02,-8.72E-03
9.87,-5.63E-04,2.51E-03,1.74E-02,-1.87E-02,-8.20E-03
9.88,-5.38E-04,2.49E-03,1.72E-02,-1.87E-02,-7.68E-03
9.89,-5.13E-04,2.47E-03,1.70E-02,-1.88E-02,-7.16E-03
9.9,-4.88E-04,2.45E-03,1.68E-02,-1.88E-02,-6.65E-03
9.91,-4.64E-04,2.43E-03,1.66E-02,-1.88E-02,-6.14E-03
9.92,-4.39E-04,2.42E-03,1.64E-02,-1.88E-02,-5.64E-03
9.93,-4.15E-04,2.40E-03,1.63E-02,-1.89E-02,-5.14E-03
9.94,-3.91E-04,2.38E-03,1.61E-02,-1.89E-02,-4.64E-03
9.95,-3.68E-04,2.36E-03,1.59E-02,-1.89E-02,-4.15E-03
9.96,-3.44E-04,2.34E-03,1.57E-02,-1.89E-02,-3.66E-03
9.97,-3.21E-04,2.32E-03,1.55E-02,-1.89E-02,-3.18E-03
9.98,-2.98E-04,2.30E-03,1.53E-02,-1.89E-02,-2.70E-03
9.99,-2.75E-04,2.28E-03,1.51E-02,-1.89E-02,-2.23E-03
